domain,reason
srl.si,not_journalism:academic
tv3.si,not_journalism:other
zdc.si,not_journalism:academic
vestnik.szd.si,not_journalism:academic
streleckarevue.cz,not_journalism:trade-or-corporate
imnam.cz,not_journalism:other
uhv.cz,not_journalism:academic
montyrich.cz,not_journalism:other
proglas.cz,not_journalism:religious
darwiniana.cz,not_journalism:other
blog.wikimedia.cz,not_journalism:other
blog.cesko.digital,not_journalism:other
transportmagasinet.dk,not_journalism:trade-or-corporate
socialpaedagogen.sl.dk,not_journalism:trade-or-corporate
udogse.dk,not_journalism:other
euseinoeditores.wordpress.com,not_journalism:personal-blog
stroligut.cat,not_journalism:magazine
kyrkpressen.fi,not_journalism:religious
sansa.fi,not_journalism:religious
itasuomalainen.fi,not_journalism:aggregator
radiohelsinki.fi,not_journalism:broadcaster
radiokaleva.fi,not_journalism:broadcaster
sana.fi,not_journalism:religious
seurakuntalainen.fi,not_journalism:religious
upseeriliitto.fi,not_journalism:trade-or-corporate
lily.fi,not_journalism:aggregator
tul.fi,not_journalism:trade-or-corporate
vegaaniliitto.fi,not_journalism:trade-or-corporate
pinkvanilla.hu,not_journalism:other
pedagogusok.hu,not_journalism:trade-or-corporate
radioq.hu,not_journalism:personal-blog
sorozatjunkie.hu,not_journalism:personal-blog
termeszetvilaga.hu,not_journalism:academic
forrasfolyoirat.hu,not_journalism:academic
termvil.hu,not_journalism:academic
epiteszforum.hu,not_journalism:other
retroradio.hu,not_journalism:personal-blog
net4.net4.hu,not_journalism:broadcaster
tet.rkk.hu,not_journalism:academic
viasat3.hu,not_journalism:broadcaster
viasat2.hu,not_journalism:broadcaster
scholarhub.ui.ac.id,not_journalism:academic
lotpot.com,not_journalism:aggregator
shubhapallaba.com,not_journalism:magazine
shubhapallaba.in,not_journalism:magazine
sjnmp.muk.ac.ir,not_journalism:academic
blog.piapro.net,not_journalism:personal-blog
modelart-shop.jp,not_journalism:trade-or-corporate
mopal.jp,not_journalism:aggregator
petitcomic.com,not_journalism:magazine
hibiki882.jp,not_journalism:broadcaster
fmkiryu.jp,not_journalism:broadcaster
775fm.co.jp,not_journalism:broadcaster
fmikaru.jp,not_journalism:broadcaster
fmyanbaru.co.jp,not_journalism:broadcaster
fmchappy.jp,not_journalism:broadcaster
fm840.jp,not_journalism:broadcaster
fm791.jp,not_journalism:broadcaster
doujidaisya.co.jp,not_journalism:trade-or-corporate
fm885.jp,not_journalism:broadcaster
okukawachi.co.jp,not_journalism:broadcaster
damono.jp,not_journalism:broadcaster
fmizumiotsu.jp,not_journalism:broadcaster
chosa-kai.jp,not_journalism:institution
sdp.or.jp,not_journalism:institution
k-mix.co.jp,not_journalism:broadcaster
hjemmet.no,not_journalism:magazine
tidsskriftet-ip.no,not_journalism:academic
nordiskbarnehageforskning.no,not_journalism:academic
idag.no,not_journalism:religious
nuorttanaste.no,not_journalism:religious
agenda316.no,not_journalism:religious
juristen.no,not_journalism:trade-or-corporate
bryllupsmagasinet.no,not_journalism:magazine
utdanningogpraksis.no,not_journalism:academic
forumakademickie.pl,not_journalism:academic
zagladazydow.pl,not_journalism:academic
jteme.pl,not_journalism:other
infotezy.ujk.edu.pl,not_journalism:academic
iaepan.edu.pl,not_journalism:academic
metro.gazeta.pl,not_journalism:other
dfkschlesien.pl,not_journalism:institution
nowyobywatel.pl,not_journalism:personal-blog
pspd.org.pl,not_journalism:trade-or-corporate
esperanto.pl,not_journalism:institution
cornetis.pl,not_journalism:personal-blog
igipz.pan.pl,not_journalism:academic
radiozamosc.pl,not_journalism:religious
schuman.pl,not_journalism:institution
repozytorium.uni.lodz.pl,not_journalism:academic
przyrodadlasosnowca.wordpress.com,not_journalism:personal-blog
sdpolsztynpl.wordpress.com,not_journalism:personal-blog
misyjne.pl,not_journalism:religious
radioluz.pwr.edu.pl,not_journalism:academic
egida.us.edu.pl,not_journalism:other
tvregionalna.pl,not_journalism:other
vademecum-astronomii.pl,not_journalism:aggregator
zak.lodz.pl,not_journalism:other
tmg.org.pl,not_journalism:institution
muzeum.torun.pl,not_journalism:institution
ihnpan.pl,not_journalism:academic
ispan.waw.pl,not_journalism:academic
ihpan.edu.pl,not_journalism:academic
tele5.pl,not_journalism:broadcaster
zoomtv.pl,not_journalism:broadcaster
ziarullumina.ro,not_journalism:religious
euro.ubbcluj.ro,not_journalism:academic
profm.ro,not_journalism:broadcaster
emt.ro,not_journalism:institution
casalux.ro,not_journalism:other
radiogaga.ro,not_journalism:broadcaster
revped.ise.ro,not_journalism:academic
revistadeturism.ro,not_journalism:academic
vibefm.ro,not_journalism:broadcaster
viataromaneasca.eu,not_journalism:other
zutv.ro,not_journalism:aggregator
omni.se,not_journalism:aggregator
antikochauktion.se,not_journalism:aggregator
unf.se,not_journalism:institution
upphandling24.se,not_journalism:aggregator
heraldik.se,not_journalism:other
fn.se,not_journalism:institution
runeberg.org,not_journalism:aggregator
statsvetenskapligtidskrift.org,not_journalism:academic
schack.se,not_journalism:trade-or-corporate
viivilla.no,not_journalism:other
mhpi.chnu.edu.ua,not_journalism:academic
journal.sops.gov.ua,not_journalism:academic
plaw.nlu.edu.ua,not_journalism:academic
ven.chdtu.edu.ua,not_journalism:academic
profped.ddpu.edu.ua,not_journalism:academic
library.tntu.edu.ua,not_journalism:institution
dyvoslovo.com.ua,not_journalism:academic
kontrakty.ua,not_journalism:aggregator
journals.pdaa.edu.ua,not_journalism:academic
radiomaria.org.ua,not_journalism:religious
ric.zntu.edu.ua,not_journalism:academic
oriental-world.org.ua,not_journalism:academic
sit.nuou.org.ua,not_journalism:academic
journal.iasa.kpi.ua,not_journalism:academic
skhid.kubg.edu.ua,not_journalism:academic
history.org.ua,not_journalism:academic
journal.ndiu.org.ua,not_journalism:academic
vsesvit-journal.com,not_journalism:magazine
vestnmath.dnu.dp.ua,not_journalism:academic
radap.kpi.ua,not_journalism:academic
chemistry.dnu.dp.ua,not_journalism:academic
journal.mmi.kpi.ua,not_journalism:academic
radioecclesia.org,not_journalism:religious
toxicologia.org.ar,not_journalism:trade-or-corporate
archivosrevista.com.ar,not_journalism:academic
agro.uba.ar,not_journalism:institution
calamus.saemed.org,not_journalism:academic
communio.de,not_journalism:religious
ojs.suelos.org.ar,not_journalism:academic
elgourmet.com,not_journalism:other
asaeca.org,not_journalism:academic
historiaregional.org,not_journalism:academic
lapaginamillonaria.com,not_journalism:other
latrama.unr.edu.ar,not_journalism:academic
inibi.institutos.filo.uba.ar,not_journalism:institution
lillo.org.ar,not_journalism:institution
fmvida.com.ar,not_journalism:other
metro951.com,not_journalism:other
publicar.cgantropologia.org.ar,not_journalism:academic
perio.unlp.edu.ar,not_journalism:institution
raigal.unvm.edu.ar,not_journalism:academic
raaot.org.ar,not_journalism:academic
revista.macn.gob.ar,not_journalism:academic
reiec.unicen.edu.ar,not_journalism:academic
fcf.unse.edu.ar,not_journalism:institution
saberes.unr.edu.ar,not_journalism:academic
reydesnudo.com.ar,not_journalism:academic
revistasusana.com,not_journalism:magazine
unse.edu.ar,not_journalism:institution
bvoe.at,not_journalism:trade-or-corporate
ciss-journal.org,not_journalism:academic
oes.tuwien.ac.at,not_journalism:academic
diehundezeitung.com,not_journalism:magazine
fs1.tv,not_journalism:broadcaster
freirad.at,not_journalism:broadcaster
lambdanachrichten.at,not_journalism:trade-or-corporate
acipss.org,not_journalism:academic
medienimpulse.at,not_journalism:academic
erwachsenenbildung.at,not_journalism:academic
jedem.org,not_journalism:academic
momentum-quarterly.org,not_journalism:academic
okto.tv,not_journalism:broadcaster
cr944.at,not_journalism:broadcaster
freiesradio.at,not_journalism:broadcaster
fiume-magazin.com,not_journalism:magazine
frf.at,not_journalism:broadcaster
radioproton.at,not_journalism:broadcaster
aep.at,not_journalism:institution
buecher.at,not_journalism:trade-or-corporate
radiomaria.at,not_journalism:religious
welle1.at,not_journalism:broadcaster
wsfm.com.au,not_journalism:broadcaster
1wayfm.com.au,not_journalism:religious
hope1032.com.au,not_journalism:religious
2mbsfinemusicsydney.com,not_journalism:broadcaster
3abnaustralia.org.au,not_journalism:religious
4ro.com.au,not_journalism:aggregator
5au.com,not_journalism:aggregator
5mbs.com,not_journalism:broadcaster
5mu.com.au,not_journalism:aggregator
7hofm.com.au,not_journalism:broadcaster
7xs.com.au,not_journalism:broadcaster
ucfm.com.au,not_journalism:broadcaster
lafm.com.au,not_journalism:broadcaster
chillifm.com.au,not_journalism:broadcaster
thelight.com.au,not_journalism:religious
sportfm.com.au,not_journalism:broadcaster
bay939.com.au,not_journalism:broadcaster
wavefm.com.au,not_journalism:broadcaster
96five.com,not_journalism:religious
aurealis.com.au,not_journalism:academic
journal.acs.org.au,not_journalism:academic
healthbulletin.org.au,not_journalism:institution
homestolove.com.au,not_journalism:magazine
blr.scholasticahq.com,not_journalism:academic
auscps.com,not_journalism:other
bond.edu.au,not_journalism:institution
ceraejournal.com,not_journalism:academic
river1467.com.au,not_journalism:broadcaster
gold1017.com.au,not_journalism:broadcaster
gold1043.com.au,not_journalism:broadcaster
ewb.org.au,not_journalism:institution
physiotherapy.asn.au,not_journalism:trade-or-corporate
waggaslifefm.com,not_journalism:religious
lifefm.com.au,not_journalism:religious
newdawnmagazine.com,not_journalism:personal-blog
platformjmc.com,not_journalism:academic
rhema.cc,not_journalism:religious
sonshine.com.au,not_journalism:religious
star1027.com.au,not_journalism:broadcaster
betootaadvocate.com,not_journalism:other
chaser.com.au,not_journalism:other
studentsuccessjournal.org,not_journalism:academic
therookies.co,not_journalism:other
power100.com.au,not_journalism:broadcaster
barnboken.net,not_journalism:academic
journal.bdfish.org,not_journalism:academic
maasranga.tv,low_confidence
bollandistes.org,not_journalism:academic
brussels.revues.org,not_journalism:academic
ialg.be,not_journalism:academic
aere-egke.be,not_journalism:academic
revue-critique-de-fixxion-francaise-contemporaine.org,not_journalism:academic
contextes.revues.org,not_journalism:academic
eai.eu,not_journalism:institution
evenaar.tv,not_journalism:personal-blog
genootschapvoorgeschiedenis.be,not_journalism:academic
humanistica.be,not_journalism:other
openjournals.ugent.be,not_journalism:academic
ojs.ugent.be,not_journalism:academic
jowr.org,not_journalism:academic
revuenouvelle.be,not_journalism:other
ploum.net,not_journalism:personal-blog
le-carnet-et-les-instants.net,not_journalism:personal-blog
tertio.be,not_journalism:religious
radiomaria.be,not_journalism:religious
pul.uclouvain.be,not_journalism:academic
chemere.org,not_journalism:religious
wt.be,not_journalism:academic
bdj.pensoft.net,not_journalism:academic
compcytogen.pensoft.net,not_journalism:academic
dez.pensoft.net,not_journalism:academic
herpetozoa.pensoft.net,not_journalism:academic
italianbotanist.pensoft.net,not_journalism:academic
jhr.pensoft.net,not_journalism:academic
jbgs.arphahub.com,not_journalism:academic
jor.pensoft.net,not_journalism:academic
mbmg.pensoft.net,not_journalism:academic
mycokeys.pensoft.net,not_journalism:academic
natureconservation.pensoft.net,not_journalism:academic
nl.pensoft.net,not_journalism:academic
phytokeys.pensoft.net,not_journalism:academic
oneecosystem.pensoft.net,not_journalism:academic
riojournal.com,not_journalism:academic
zookeys.pensoft.net,not_journalism:academic
kawsachunnews.com,low_confidence
aa.revues.org,not_journalism:academic
revistaarquivosdegastro.com.br,not_journalism:academic
abccardiol.org,not_journalism:academic
arquivosdeneuropsiquiatria.org,not_journalism:academic
boasnovas.tv,not_journalism:religious
boavontade.com,not_journalism:religious
reedrevista.org,not_journalism:academic
bjr.sbpjor.org.br,not_journalism:academic
sbn.com.br,not_journalism:institution
brazilianpoliticalsciencereview.org,not_journalism:academic
revistas.ancib.org,not_journalism:academic
dados.iesp.uerj.br,not_journalism:academic
ufpel.edu.br,not_journalism:institution
compos.org.br,not_journalism:academic
environmentalsmoke.com.br,not_journalism:academic
espacoeconomia.revues.org,not_journalism:academic
felizfm.fm,not_journalism:religious
uff.br,not_journalism:institution
halacsolcha.org,not_journalism:academic
infraestruturameioambiente.sp.gov.br,not_journalism:institution
pgsskroton.com.br,not_journalism:academic
lajss.org,not_journalism:academic
metrocptm.com.br,not_journalism:institution
mixsustentavel.paginas.ufsc.br,not_journalism:academic
cpdoc.fgv.br,not_journalism:academic
navus.sc.senac.br,not_journalism:academic
neotropical.pensoft.net,not_journalism:academic
outrostempos.uema.br,not_journalism:academic
agro.ufg.br,not_journalism:academic
faje.edu.br,not_journalism:religious
site.abrapso.org.br,not_journalism:institution
novabrasilfm.com.br,not_journalism:broadcaster
apazdosenhor.org.br,not_journalism:religious
curitiba.radiomixfm.com.br,not_journalism:broadcaster
radiocontinental.com.br,not_journalism:broadcaster
redeexcelsior.com.br,not_journalism:religious
uberlandia.radiomixfm.com.br,not_journalism:broadcaster
radios.opovo.com.br,not_journalism:other
radiocatedral.org.br,not_journalism:religious
thmais.com.br,not_journalism:aggregator
tv.thathi.com.br,not_journalism:aggregator
ihgsp.org.br,not_journalism:institution
itaberaba.ba.gov.br,not_journalism:institution
itabuna.ba.gov.br,not_journalism:institution
guaratingueta.sp.gov.br,not_journalism:institution
itaborai.rj.gov.br,not_journalism:institution
jatai.go.gov.br,not_journalism:institution
imprensaoficial.jundiai.sp.gov.br,not_journalism:institution
mage.rj.gov.br,not_journalism:institution
montesanto.ba.gov.br,not_journalism:institution
buzios.aexecutivo.com.br,not_journalism:institution
campos.rj.gov.br,not_journalism:institution
caxias.ma.gov.br,not_journalism:institution
conde.pb.gov.br,not_journalism:institution
revista.anphlac.org.br,not_journalism:academic
revistagalo.com.br,not_journalism:academic
misteriosdomundo.org,not_journalism:aggregator
tempo.com,not_journalism:other
socine.org.br,not_journalism:academic
mychannelafrica.com,low_confidence
tvmaisabc.com.br,low_confidence
anpocs.org,not_journalism:academic
revistaedugeo.com.br,not_journalism:academic
rbff.com.br,not_journalism:academic
abrasd.com.br,not_journalism:academic
calundu.org,not_journalism:academic
revista.crcsc.org.br,not_journalism:academic
revista.sabnet.org,not_journalism:academic
fdv.br,not_journalism:academic
repec.org.br,not_journalism:academic
revistadoilct.com.br,not_journalism:academic
historiar.uvanet.br,not_journalism:academic
fatectatuape.edu.br,not_journalism:academic
alaic.org,not_journalism:academic
periodicos.claec.org,not_journalism:academic
libertas.ufop.br,not_journalism:academic
producaoonline.org.br,not_journalism:academic
santosfc.com.br,not_journalism:trade-or-corporate
vortex.unespar.edu.br,not_journalism:academic
cebes.org.br,not_journalism:academic
apm.org.br,not_journalism:academic
revistasobreontens.blogspot.com,not_journalism:academic
somosfanaticos.fans,not_journalism:personal-blog
terra.com.pe,not_journalism:aggregator
sbmac.org.br,not_journalism:institution
revistatransportes.org.br,not_journalism:academic
tvbrasil.org.br,not_journalism:aggregator
miliciadaimaculada.org.br,not_journalism:religious
novotempo.com,not_journalism:religious
radiouniversitariafm.com.br,not_journalism:institution
verinotio.org,not_journalism:academic
aptntv.ca,not_journalism:broadcaster
albertalawreview.com,not_journalism:academic
archivistes.qc.ca,not_journalism:institution
ace-eco.org,not_journalism:academic
as.erudit.org,not_journalism:academic
archives.erudit.org,not_journalism:academic
bcmj.org,not_journalism:academic
crs.erudit.org,not_journalism:academic
alpineclubofcanada.ca,not_journalism:institution
cqd.erudit.org,not_journalism:academic
canjsurg.ca,not_journalism:academic
anserj.ca,not_journalism:academic
scholars.wlu.ca,not_journalism:academic
cbr.cba.org,not_journalism:academic
cuaj.ca,not_journalism:academic
cjds.uwaterloo.ca,not_journalism:academic
cjhe-rces.ca,not_journalism:academic
q107fm.ca,not_journalism:broadcaster
cfru.ca,not_journalism:broadcaster
chartattack.com,not_journalism:other
chga.fm,not_journalism:aggregator
rythme971.ca,not_journalism:aggregator
radiox.com,not_journalism:aggregator
chri.ca,not_journalism:religious
htzfm.com,not_journalism:aggregator
rewind893.ca,not_journalism:aggregator
radiovictoria.ca,not_journalism:aggregator
cine.erudit.org,not_journalism:academic
cjai.ca,not_journalism:aggregator
cjbq.com,not_journalism:other
amthelight.com,not_journalism:religious
q98.ca,not_journalism:aggregator
cj107radio.com,not_journalism:broadcaster
country1043.com,not_journalism:trade-or-corporate
cmr.fm,not_journalism:broadcaster
cjsr.com,not_journalism:broadcaster
cjsw.com,not_journalism:broadcaster
joyradio.ca,not_journalism:religious
ckcufm.com,not_journalism:broadcaster
power104.fm,not_journalism:broadcaster
1023nowradio.com,not_journalism:broadcaster
radiowaterloo.ca,not_journalism:broadcaster
coast1011.com,not_journalism:broadcaster
ckrzfm.com,not_journalism:broadcaster
ckuw.ca,not_journalism:broadcaster
ckxu.com,not_journalism:broadcaster
umanitoba.ca,not_journalism:institution
communication.revues.org,not_journalism:academic
communiquer.revues.org,not_journalism:academic
cornwallseawaynews.com,not_journalism:other
cottagelife.com,not_journalism:magazine
dalspace.library.dal.ca,not_journalism:academic
downhomelife.com,not_journalism:magazine
ecologyandsociety.org,not_journalism:academic
documentation.erudit.org,not_journalism:academic
esse.ca,not_journalism:magazine
uqar.ca,not_journalism:academic
everydayfiction.com,not_journalism:personal-blog
cla.ca,not_journalism:trade-or-corporate
dss.erudit.org,not_journalism:academic
erudit.org,not_journalism:academic
ethno.erudit.org,not_journalism:academic
ei.erudit.org,not_journalism:academic
fili.erudit.org,not_journalism:academic
ourspace.uregina.ca,not_journalism:academic
fr.erudit.org,not_journalism:academic
historicalstudiesineducation.ca,not_journalism:academic
irrodl.org,not_journalism:academic
cancer.jmir.org,not_journalism:academic
humanfactors.jmir.org,not_journalism:academic
medinform.jmir.org,not_journalism:academic
im.erudit.org,not_journalism:academic
mededu.jmir.org,not_journalism:academic
publichealth.jmir.org,not_journalism:academic
rehab.jmir.org,not_journalism:academic
games.jmir.org,not_journalism:academic
jhaponline.org,not_journalism:academic
researchprotocols.org,not_journalism:academic
culturalanalytics.org,not_journalism:academic
jmir.org,not_journalism:academic
pollinationecology.org,not_journalism:academic
jual.nipissingu.ca,not_journalism:academic
linconvenient.wordpress.com,not_journalism:magazine
ijede.ca,not_journalism:academic
lg73.ca,not_journalism:broadcaster
cd.erudit.org,not_journalism:academic
sqrm.erudit.org,not_journalism:academic
mi.erudit.org,not_journalism:academic
mediasetitalia.ca,not_journalism:broadcaster
mlj.erudit.org,not_journalism:academic
mee.erudit.org,not_journalism:academic
nightlife.ca,not_journalism:magazine
nuitblanche.com,not_journalism:magazine
memoires.erudit.org,not_journalism:academic
pistes.revues.org,not_journalism:academic
phenylcetonurie.ca,not_journalism:personal-blog
prismmagazine.ca,not_journalism:magazine
ps.erudit.org,not_journalism:academic
radio7toronto.com,not_journalism:broadcaster
vrenelectrique.com,not_journalism:personal-blog
rfdi.erudit.org,not_journalism:academic
rssi.erudit.org,not_journalism:academic
ry-jm.ycl-ljc.ca,not_journalism:personal-blog
remonline.com,not_journalism:trade-or-corporate
madonnahouse.org,not_journalism:religious
haf.erudit.org,not_journalism:academic
reviewofjournalism.ca,not_journalism:other
rrj.ca,not_journalism:other
seismica.library.mcgill.ca,not_journalism:academic
revue-solaris.com,not_journalism:other
revuesequences.org,not_journalism:other
thebeaverton.com,not_journalism:other
ijadr.org,not_journalism:academic
vertigo.revues.org,not_journalism:academic
anafrimed.net,not_journalism:academic
bernerbaer.ch,not_journalism:personal-blog
camera-publications.com,not_journalism:trade-or-corporate
sgeo-ge.ch,not_journalism:institution
eurosa.org,not_journalism:academic
shpf.fr,not_journalism:institution
szsa.ch,not_journalism:academic
anales.uchile.cl,not_journalism:academic
umag.cl,not_journalism:institution
autoctonia.cl,not_journalism:academic
ubo.cl,not_journalism:institution
cintademoebio.uchile.cl,not_journalism:academic
inia.cl,not_journalism:institution
comunicacionymedios.uchile.cl,not_journalism:academic
revistas.ucn.cl,not_journalism:academic
revistaei.uchile.cl,not_journalism:academic
intushistoria.uai.cl,not_journalism:academic
investigacionesgeograficas.uchile.cl,not_journalism:academic
jotmi.org,not_journalism:academic
lenguasmodernas.uchile.cl,not_journalism:academic
nuevotiempo.cl,not_journalism:religious
uc.cl,not_journalism:institution
revistapolitica.uchile.cl,not_journalism:academic
infantil.cntv.cl,not_journalism:other
uniacc.cl,not_journalism:institution
radio.uniacc.cl,not_journalism:other
radioua.cl,not_journalism:institution
dearquitectura.uchile.cl,not_journalism:academic
rej.uchile.cl,not_journalism:academic
revistaderechopublico.uchile.cl,not_journalism:academic
rexe.cl,not_journalism:academic
revistahistoria.udec.cl,not_journalism:academic
revistaurbanismo.uchile.cl,not_journalism:academic
revistainvi.uchile.cl,not_journalism:academic
revistamad.uchile.cl,not_journalism:academic
revistanuestramerica.cl,not_journalism:academic
revistamusicalchilena.uchile.cl,not_journalism:academic
pedagogiaderecho.uchile.cl,not_journalism:academic
tiempossustentables.cl,not_journalism:trade-or-corporate
uct.cl,not_journalism:academic
tvu.cl,not_journalism:academic
elespacio.com.co,not_journalism:trade-or-corporate
dikaion.unisabana.edu.co,not_journalism:academic
educacionyeducadores.unisabana.edu.co,not_journalism:academic
repository.libertadores.edu.co,not_journalism:academic
palabraclave.unisabana.edu.co,not_journalism:academic
raccefyn.co,not_journalism:academic
revistaumanizales.cinde.org.co,not_journalism:academic
udem.edu.co,not_journalism:academic
revistasumadenegocios.konradlorenz.edu.co,not_journalism:academic
canaltrece.com.co,not_journalism:broadcaster
winsports.co,not_journalism:broadcaster
revistatabularasa.org,not_journalism:academic
mag.go.cr,not_journalism:institution
ccp.ucr.ac.cr,not_journalism:academic
emedic.ucr.ac.cr,not_journalism:academic
bdt.org.br,not_journalism:academic
centroazucar.uclv.edu.cu,not_journalism:academic
econdesarrollo.uh.cu,not_journalism:academic
humanidadesmedicas.sld.cu,not_journalism:academic
lajiribilla.cu,not_journalism:magazine
conrado.ucf.edu.cu,not_journalism:academic
revfarmacia.sld.cu,not_journalism:academic
rces.uh.cu,not_journalism:academic
revmgi.sld.cu,not_journalism:academic
revoftalmologia.sld.cu,not_journalism:academic
revreumatologia.sld.cu,not_journalism:academic
rim.uh.cu,not_journalism:academic
rielac.cujae.edu.cu,not_journalism:academic
revpediatria.sld.cu,not_journalism:academic
revactamedicacentro.sld.cu,not_journalism:academic
revinfcientifica.sld.cu,not_journalism:academic
thetricontinental.org,not_journalism:academic
vaccimonitor.finlay.edu.cu,not_journalism:academic
dml.cz,not_journalism:academic
bodyliterature.com,not_journalism:magazine
ijek.org,not_journalism:academic
eriesjournal.com,not_journalism:academic
cjir.iir.cz,not_journalism:academic
preslia.cz,not_journalism:academic
warengo.com,not_journalism:trade-or-corporate
nickalive.net,not_journalism:aggregator
fs.vsb.cz,not_journalism:institution
ocko.tv,not_journalism:broadcaster
gamereactor.eu,not_journalism:aggregator
pixel.tv,not_journalism:other
skala.fm,not_journalism:broadcaster
univ-bejaia.dz,not_journalism:institution
elwatanmedia.com,not_journalism:other
revues.univ-setif2.dz,not_journalism:academic
ciespal.org,not_journalism:institution
revistachasqui.org,not_journalism:academic
uhemisferios.edu.ec,not_journalism:institution
lajc.epn.edu.ec,not_journalism:academic
nodo50.org,not_journalism:other
ecotec.edu.ec,not_journalism:institution
uasb.edu.ec,not_journalism:institution
revistacrisis.com,not_journalism:magazine
revista.sangregorio.edu.ec,not_journalism:academic
cbcsofra.com,not_journalism:other
analesdequimica.es,not_journalism:academic
antena3.com,not_journalism:broadcaster
arsoperandi.blogspot.com,not_journalism:magazine
juancarlos968.wordpress.com,not_journalism:personal-blog
cadena100.es,not_journalism:broadcaster
c6na.tv,not_journalism:other
cnt.es,not_journalism:institution
cuina.cat,not_journalism:magazine
decisionradio.com,not_journalism:other
dolcacatalunya.com,not_journalism:other
elmundotoday.com,not_journalism:other
uhu.es,not_journalism:academic
ieb.org.es,not_journalism:institution
galiciaclinica.info,not_journalism:academic
goiberri.eus,not_journalism:personal-blog
revistadelaofil.org,not_journalism:academic
imai-software.com,not_journalism:other
jairm.org,not_journalism:academic
jiem.org,not_journalism:academic
kissfm.es,not_journalism:broadcaster
mcv.revues.org,not_journalism:academic
medievalistas.es,not_journalism:academic
megastar.fm,not_journalism:broadcaster
tiempo.com,not_journalism:other
micromania.es,not_journalism:personal-blog
mondosonoro.com,not_journalism:magazine
motociclismo.es,not_journalism:magazine
neox.atresmedia.com,not_journalism:broadcaster
pensamientoalmargen.com,not_journalism:other
revistaperiplo.com,not_journalism:other
pharmacypractice.org,not_journalism:academic
pregonnavarra.com,not_journalism:magazine
blog.profesionaldj.es,not_journalism:magazine
revistaaequitas.wordpress.com,not_journalism:academic
soberaniaalimentaria.info,not_journalism:magazine
primeroscristianos.com,not_journalism:religious
almacenesconstruccion.com,not_journalism:trade-or-corporate
nova.atresmedia.com,not_journalism:broadcaster
elmati.cat,not_journalism:magazine
accioncine.es,not_journalism:magazine
hitfm.es,not_journalism:broadcaster
resed.es,not_journalism:academic
realacademiasancarlos.com,not_journalism:institution
quadernsdepsicologia.cat,not_journalism:academic
bibliotecaseminariolugo.org,not_journalism:institution
radiomaria.es,not_journalism:religious
centroestudioscervantinos.es,not_journalism:academic
ortegaygasset.edu,not_journalism:institution
renhyd.org,not_journalism:academic
sepsiq.org,not_journalism:academic
radioestel.cat,not_journalism:religious
sudoku-online.org,not_journalism:other
tecnologia-ciencia-educacion.com,not_journalism:academic
revistavegueta.ulpgc.es,not_journalism:academic
valenciafruits.com,not_journalism:trade-or-corporate
gredos.usal.es,not_journalism:academic
ajlmonline.org,not_journalism:academic
navahang.com,not_journalism:broadcaster
nuotta.com,not_journalism:personal-blog
nordicwittgensteinreview.com,not_journalism:academic
gmj.ge,not_journalism:academic
multitvworld.com,low_confidence
journals.qmu.ac.uk,not_journalism:academic
luben.tv,not_journalism:personal-blog
unis.edu.gt,not_journalism:institution
identitas.co,not_journalism:magazine
pinkpuli.com,not_journalism:other
iradiofm.com,not_journalism:broadcaster
klcbsofficial.com,not_journalism:other
irishmanuscripts.ie,not_journalism:institution
cvia-journal.org,not_journalism:academic
intercommagazine.ie,not_journalism:religious
isrvma.org,not_journalism:academic
shifke.com,not_journalism:magazine
rmmj.org.il,not_journalism:academic
bjkines.com,not_journalism:academic
folkculture.in,not_journalism:other
gamingnation.in,not_journalism:trade-or-corporate
geospatialworld.net,not_journalism:trade-or-corporate
ijert.org,not_journalism:academic
greenpharmacy.info,not_journalism:academic
ijhsir.ahsas-pgichd.org,not_journalism:academic
extensioneducation.org,not_journalism:academic
jlabphy.org,not_journalism:academic
ruralneuropractice.com,not_journalism:academic
jopm.org,not_journalism:academic
socialspectrum.in,not_journalism:academic
techverma.com,not_journalism:other
boringmagazine.com,not_journalism:personal-blog
thelifestylejournalist.com,not_journalism:magazine
nahje.com,not_journalism:academic
qu.edu.iq,not_journalism:academic
spojou.qu.edu.iq,not_journalism:academic
uoitc.edu.iq,not_journalism:institution
fmm.uomustansiriyah.edu.iq,not_journalism:academic
ehemj.com,not_journalism:academic
ijotm.com,not_journalism:academic
ijpa.tums.ac.ir,not_journalism:academic
uswr.ac.ir,not_journalism:institution
jad.tums.ac.ir,not_journalism:academic
irj.uswr.ac.ir,not_journalism:academic
jthc.tums.ac.ir,not_journalism:academic
jrh.gmu.ac.ir,not_journalism:academic
pbr.mazums.ac.ir,not_journalism:academic
ailpalermo.it,not_journalism:institution
archeomatica.it,not_journalism:trade-or-corporate
asiamaior.org,not_journalism:academic
beppegrillo.it,not_journalism:personal-blog
bonebenders.com,not_journalism:personal-blog
conservation-science.unibo.it,not_journalism:academic
criticasociale.net,not_journalism:academic
divisare.com,not_journalism:aggregator
e-review.it,not_journalism:academic
educazioneaperta.it,not_journalism:academic
foresta.sisef.org,not_journalism:academic
gal-studies.museogalileo.it,not_journalism:academic
giocareinborsa.net,not_journalism:trade-or-corporate
famagazine.it,not_journalism:academic
haematologica.org,not_journalism:academic
hpa.unibo.it,not_journalism:academic
hopemedia.it,not_journalism:religious
itatti.harvard.edu,not_journalism:academic
mondadori.it,not_journalism:trade-or-corporate
unimc.it,not_journalism:institution
in-bo.unibo.it,not_journalism:academic
sasjournal.org,not_journalism:academic
zetabooks.com,not_journalism:academic
publichealthinafrica.org,not_journalism:academic
losquaderno.net,not_journalism:academic
losguardo.net,not_journalism:academic
nuovogruppoentomologicotoscano.it,not_journalism:institution
phenomenologylab.eu,not_journalism:other
societabotanicaitaliana.it,not_journalism:institution
forumeditrice.it,not_journalism:academic
aib.it,not_journalism:institution
rivistauniversitas.it,not_journalism:academic
pianetabasket.com,not_journalism:personal-blog
ilmeteo.net,not_journalism:other
anteremedizioni.it,not_journalism:academic
radiosavonasound.it,not_journalism:other
radiofreccia.it,not_journalism:broadcaster
radiolina.it,not_journalism:broadcaster
rivoluzione.red,not_journalism:other
forperlav.unibg.it,not_journalism:academic
ricerchedisconfine.info,not_journalism:academic
psicologiperipopoli.it,not_journalism:institution
estetica.revues.org,not_journalism:academic
robadadonne.it,not_journalism:magazine
accademiadegliottusi.it,not_journalism:institution
spinoza.it,not_journalism:personal-blog
teleradiopace.tv,not_journalism:religious
bolognalawreview.unibo.it,not_journalism:academic
messaggeriescacchistiche.it,not_journalism:magazine
zmj.unibo.it,not_journalism:academic
fm21.net,not_journalism:broadcaster
fm791.net,not_journalism:broadcaster
kazusafm.net,not_journalism:broadcaster
lucky-ibaraki.com,not_journalism:broadcaster
komae.fm,not_journalism:broadcaster
fm-one.net,not_journalism:broadcaster
fmito.com,not_journalism:broadcaster
webtsc.com,not_journalism:broadcaster
academicjournals.org,not_journalism:academic
htvafrica.com,not_journalism:other
pap-magazine.com,not_journalism:magazine
monthlypeople.com,not_journalism:magazine
yourkorea.life,not_journalism:personal-blog
marinatv.me,not_journalism:other
turkistan.tv,not_journalism:broadcaster
digitalcommons.bau.edu.lb,not_journalism:academic
cnrs.edu.lb,not_journalism:institution
noursat.tv,not_journalism:religious
wameedalfikr.com,not_journalism:academic
femmesmagazine.lu,not_journalism:magazine
femmesdumaroc.com,not_journalism:magazine
luxeradio.ma,not_journalism:broadcaster
alteridades.izt.uam.mx,not_journalism:academic
alhe.mora.edu.mx,not_journalism:academic
comunicacionysociedad.cucsh.udg.mx,not_journalism:academic
convergencia.uaemex.mx,not_journalism:academic
critica.filosoficas.unam.mx,not_journalism:academic
denarius.izt.uam.mx,not_journalism:academic
dilemascontemporaneoseducacionpoliticayvalores.com,not_journalism:academic
espiral.cucsh.udg.mx,not_journalism:academic
nahuatl.historicas.unam.mx,not_journalism:academic
moderna.historicas.unam.mx,not_journalism:academic
novohispana.historicas.unam.mx,not_journalism:academic
libros.inecol.mx,not_journalism:academic
gaceta.unam.mx,not_journalism:institution
revistahorizonte.ujat.mx,not_journalism:academic
internaciones.cucsh.udg.mx,not_journalism:academic
rev-ib.unam.mx,not_journalism:academic
jmcs.org.mx,not_journalism:academic
kehuelga.net,not_journalism:broadcaster
liminar.cesmeca.mx,not_journalism:academic
linguisticamexicana-amla.colmex.mx,not_journalism:academic
polibotanica.mx,not_journalism:academic
uson.mx,not_journalism:institution
revistafiguras.acatlan.unam.mx,not_journalism:academic
revistaredca.uaemex.mx,not_journalism:academic
iuscomitialis.uaemex.mx,not_journalism:academic
cienciasadmvastyp.uat.edu.mx,not_journalism:academic
estudiosdepazyconflictos.com,not_journalism:academic
rnee.umich.mx,not_journalism:academic
radioeducacion.edu.mx,not_journalism:broadcaster
recibe.cucei.udg.mx,not_journalism:academic
chihuahua.gob.mx,not_journalism:institution
resu.anuies.mx,not_journalism:academic
revistapcc.uat.edu.mx,not_journalism:academic
revista.unam.mx,not_journalism:academic
cimexus.umich.mx,not_journalism:academic
revista.ib.unam.mx,not_journalism:academic
comie.org.mx,not_journalism:academic
cienciaspecuarias.inifap.gob.mx,not_journalism:academic
secuencia.mora.edu.mx,not_journalism:academic
terradigitalis.unam.mx,not_journalism:academic
tip.zaragoza.unam.mx,not_journalism:academic
cemca.org.mx,not_journalism:institution
elfonografo.mx,not_journalism:other
kebuena.com.mx,not_journalism:other
laz.mx,not_journalism:other
91x.com,not_journalism:other
alfaenlinea.com,not_journalism:other
ort.com.mx,not_journalism:other
xhgts.com,not_journalism:other
power98jams.com,not_journalism:other
1045radiolatina.com,not_journalism:other
magic925.com,not_journalism:other
udgtv.com,not_journalism:institution
ajue.uitm.edu.my,not_journalism:academic
astrogempak.com.my,not_journalism:other
jortho.org,not_journalism:academic
azojete.com.ng,not_journalism:academic
bauchistate.gov.ng,not_journalism:institution
bellanaija.com,not_journalism:other
brands.ng,not_journalism:trade-or-corporate
tlccrm.org,not_journalism:religious
emmanuel.tv,not_journalism:religious
nigradio.com,not_journalism:aggregator
kaftan.tv,not_journalism:other
unilorin.edu.ng,not_journalism:institution
alhikmahuniversity.edu.ng,not_journalism:institution
smooth981.fm,not_journalism:other
aott.org.tr,not_journalism:academic
madonnauniversity.edu.ng,not_journalism:institution
jfde.eu,not_journalism:academic
ojs.eahil.eu,not_journalism:academic
eahil.eu,not_journalism:institution
natuurmonumenten.nl,not_journalism:institution
radiomaria.nl,not_journalism:religious
tidsskriftetbarn.no,not_journalism:academic
nordicliteracy.net,not_journalism:academic
heritageetal.blogspot.com,not_journalism:personal-blog
iheartcountry.co.nz,not_journalism:aggregator
jofdl.nz,not_journalism:academic
nzjmath.org,not_journalism:academic
pacificdynamics.nz,not_journalism:academic
radioactive.fm,not_journalism:broadcaster
pacificarchaeology.org,not_journalism:academic
hauraki.co.nz,not_journalism:broadcaster
retrohitradio.co.nz,not_journalism:broadcaster
waihekeradio.org.nz,not_journalism:broadcaster
bifea.revues.org,not_journalism:academic
huajsapata.unap.edu.pe,not_journalism:academic
horizontemedico.usmp.edu.pe,not_journalism:academic
letras.unmsm.edu.pe,not_journalism:institution
ondacero.com.pe,not_journalism:trade-or-corporate
radioondaazul.com,not_journalism:religious
radiopanamericana.com,not_journalism:trade-or-corporate
oxigeno.com.pe,not_journalism:trade-or-corporate
semestreeconomico.unap.edu.pe,not_journalism:academic
studio92.com,not_journalism:trade-or-corporate
philippinerevolution.nu,not_journalism:other
y101fm.com,not_journalism:other
boracaybeachradio.com,not_journalism:trade-or-corporate
963wrock.com,not_journalism:trade-or-corporate
uz.edu.ph,not_journalism:institution
asean-endocrinejournal.org,not_journalism:academic
veritasph.net,not_journalism:religious
jilworldwide.org,not_journalism:religious
geokahani.tv,not_journalism:trade-or-corporate
gjms.com.pk,not_journalism:academic
humsitaray.tv,not_journalism:trade-or-corporate
kiet.edu.pk,not_journalism:institution
ptice.si,not_journalism:institution
ane.pl,not_journalism:academic
aiep.pensoft.net,not_journalism:academic
dspace.uni.lodz.pl,not_journalism:academic
viamedica.pl,not_journalism:academic
bjdm.eu,not_journalism:institution
ustarch.sav.sk,not_journalism:institution
foliamedica.bg,not_journalism:academic
pau.saske.sk,not_journalism:institution
ifzz.pl,not_journalism:institution
sgh.waw.pl,not_journalism:institution
iale.cz,not_journalism:institution
not.pl,not_journalism:institution
lartis.sk,not_journalism:academic
scb.se,not_journalism:institution
opuscula.agh.edu.pl,not_journalism:academic
inp.pan.pl,not_journalism:institution
amu.edu.pl,not_journalism:institution
ujot.fm,not_journalism:broadcaster
mojestrone.com,low_confidence
rc.fm,low_confidence
slh.edu.pl,not_journalism:other
rj.ptuk.edu.ps,not_journalism:academic
cei.iscte-iul.pt,not_journalism:academic
casa-e-cozinha.pt,not_journalism:broadcaster
convergencias.ipcb.pt,not_journalism:academic
ecclesia.pt,not_journalism:religious
eces.revues.org,not_journalism:academic
eduser.ipb.pt,not_journalism:academic
brown.edu,not_journalism:institution
labcom.pt,not_journalism:academic
ec.ubi.pt,not_journalism:academic
observare.autonoma.pt,not_journalism:academic
etenjournal.com,not_journalism:academic
kuriakos-tv.com,not_journalism:religious
leak.pt,not_journalism:personal-blog
fcsh.unl.pt,not_journalism:institution
ipv.pt,not_journalism:institution
nortelitoral.tv,not_journalism:broadcaster
tempo.pt,not_journalism:other
rccs.revues.org,not_journalism:academic
revista.farmacoterapia.pt,not_journalism:academic
oxigenio.fm,not_journalism:broadcaster
radarlisboa.fm,not_journalism:broadcaster
estesl.ipl.pt,not_journalism:institution
sportztv.shop,not_journalism:other
journalengineering.fe.up.pt,not_journalism:academic
aos.ro,not_journalism:academic
afrjournal.org,not_journalism:academic
ecoforumjournal.ro,not_journalism:academic
management.ase.ro,not_journalism:institution
ijmd.ro,not_journalism:academic
drept.ase.ro,not_journalism:academic
stec.univ-ovidius.ro,not_journalism:academic
rejournal.eu,not_journalism:academic
sserr.ro,not_journalism:academic
digitalcommons.usf.edu,not_journalism:academic
sceco.ub.ro,not_journalism:academic
subtbiol.pensoft.net,not_journalism:academic
trinitas.tv,not_journalism:religious
serbiosoc.org.rs,not_journalism:academic
aonehiphop.ru,not_journalism:other
actabiomedica.ru,not_journalism:academic
evrazstep.ru,not_journalism:academic
bober.ru,not_journalism:other
bricslawjournal.com,not_journalism:academic
vestnik.kemsu.ru,not_journalism:academic
bulletin.ssmu.ru,not_journalism:academic
consilium.orscience.ru,not_journalism:academic
corpusmundi.com,not_journalism:academic
crimeanreview.ru,not_journalism:academic
culturalanthropologyandethnosemiotics.wordpress.com,not_journalism:academic
detinf.elpub.ru,not_journalism:academic
epidemvac.ru,not_journalism:academic
ges.rgo.ru,not_journalism:academic
gorodbryansk.info,not_journalism:other
gt.crust.irk.ru,not_journalism:academic
geors.ru,not_journalism:academic
gynecology.orscience.ru,not_journalism:academic
havatamk.ru,not_journalism:religious
rpmj.ru,not_journalism:academic
jfs.today,not_journalism:academic
kinopokaz.tv,not_journalism:personal-blog
bloodjournal.ru,not_journalism:academic
ice-snow.igras.ru,not_journalism:academic
litrossia.ru,not_journalism:magazine
mimmun.ru,not_journalism:academic
vair-journal.com,not_journalism:academic
mir-nayka.com,not_journalism:academic
jnmp.ru,not_journalism:academic
edscience.ru,not_journalism:academic
reanimatology.com,not_journalism:academic
ophthalmojournal.com,not_journalism:academic
zelenyikot.com,not_journalism:personal-blog
xn----dtbhkbdbj7ckase1p.xn--p1ai,not_journalism:institution
ilizarov-journal.com,not_journalism:academic
omet-endojournals.ru,not_journalism:academic
openedu.rea.ru,not_journalism:academic
vegetables.su,not_journalism:academic
plantprotect.ru,not_journalism:academic
pravoslavie.ru,not_journalism:religious
enforcement.omsu.ru,not_journalism:academic
postsovietarea.com,not_journalism:academic
geology-mgri.ru,not_journalism:academic
projectbaikal.com,not_journalism:academic
inbalashikha.ru,not_journalism:aggregator
inklincity.ru,not_journalism:aggregator
vestnykeps.ru,not_journalism:academic
inegorievsk.ru,not_journalism:aggregator
inkrasnogorsk.ru,not_journalism:aggregator
inlubertsy.ru,not_journalism:aggregator
in-dmitrov.ru,not_journalism:aggregator
zhiznzemli.ru,not_journalism:academic
mongoloved.kigiran.com,not_journalism:academic
vestnik.sibadi.org,not_journalism:academic
churchhistory.elpub.ru,not_journalism:academic
rujec.org,not_journalism:academic
uimjournal.com,not_journalism:academic
sociologica.hse.ru,not_journalism:academic
spastv.ru,not_journalism:religious
tdktv.com,not_journalism:other
t-s.today,not_journalism:academic
vestnik.dgtu.ru,not_journalism:academic
vestnikdv.ru,not_journalism:academic
journal.transpl.ru,not_journalism:academic
goldhorde.ru,not_journalism:academic
ecodag.elpub.ru,not_journalism:academic
journal.niidi.ru,not_journalism:academic
cultureunbound.ep.liu.se,not_journalism:academic
rela.ep.liu.se,not_journalism:academic
ijal.se,not_journalism:academic
njvet.ep.liu.se,not_journalism:academic
singteltv.com.sg,not_journalism:other
actaludologica.com,not_journalism:academic
sopsr.sk,not_journalism:institution
klemens.sav.sk,not_journalism:academic
mlar.sk,not_journalism:academic
organonf.com,not_journalism:academic
jmbfs.org,not_journalism:academic
office2.jmbfs.org,not_journalism:academic
spafajournal.org,not_journalism:academic
workpointtv.com,not_journalism:broadcaster
jaridatelfejr.com,not_journalism:other
artitv.tv,not_journalism:other
estranova.com,not_journalism:other
eurjrheumatol.org,not_journalism:academic
fashionone.com.tr,not_journalism:other
ijcer.net,not_journalism:academic
ijate.net,not_journalism:other
ijpes.com,not_journalism:academic
iojet.org,not_journalism:academic
journalofomepturkey.org,not_journalism:academic
jital.org,not_journalism:academic
jmood.org,not_journalism:other
numberone.com.tr,not_journalism:broadcaster
pusula-app.com,not_journalism:trade-or-corporate
jineolojidergisi.com,not_journalism:academic
eajm.org,not_journalism:academic
journals.tubitak.gov.tr,not_journalism:academic
advancedotology.org,not_journalism:academic
turkishjic.org,not_journalism:academic
tubitak.gov.tr,not_journalism:institution
vetzoosci.com,not_journalism:academic
biomedicinej.com,not_journalism:academic
jfda-online.com,not_journalism:academic
tsbp.tgb.org.tw,not_journalism:magazine
nbuv.gov.ua,not_journalism:institution
commons.com.ua,not_journalism:academic
eehb.dspu.edu.ua,not_journalism:academic
icmp.lviv.ua,not_journalism:institution
kyivtoulouse.univ.kiev.ua,not_journalism:academic
jeej.wunu.edu.ua,not_journalism:academic
lux.fm,not_journalism:aggregator
elc.kpi.ua,not_journalism:academic
otp-journal.com.ua,not_journalism:academic
vntu.edu.ua,not_journalism:institution
poradnica.com.ua,not_journalism:other
mtv.pics,not_journalism:other
library.kpi.kharkov.ua,not_journalism:institution
historypages.kpi.ua,not_journalism:academic
skhodoznavstvo.org.ua,not_journalism:academic
viticulture-winemaking.org.ua,not_journalism:academic
ojs.akademperiodyka.org.ua,not_journalism:academic
zmj.zsmu.edu.ua,not_journalism:academic
ite.kspu.edu,not_journalism:academic
powerfm.co.ug,not_journalism:religious
ntv.co.ug,low_confidence
agrocienciauruguay.uy,not_journalism:academic
revista.psico.edu.uy,not_journalism:academic
cienciassociales.edu.uy,not_journalism:academic
interciencia.net,not_journalism:academic
saber.ucv.ve,not_journalism:academic
africaninvertebrates.pensoft.net,not_journalism:academic
actacommercii.co.za,not_journalism:academic
ajod.org,not_journalism:academic
phcfm.org,not_journalism:academic
bushradio.wordpress.com,not_journalism:personal-blog
curationis.org.za,not_journalism:academic
cleanairjournal.org.za,not_journalism:academic
impactradio.co.za,not_journalism:religious
indieskriflig.org.za,not_journalism:academic
inluceverbi.org.za,not_journalism:academic
jefjournal.org.za,not_journalism:academic
jtscm.co.za,not_journalism:academic
jamba.org.za,not_journalism:academic
koedoe.co.za,not_journalism:academic
literator.org.za,not_journalism:academic
pythagoras.org.za,not_journalism:academic
rw.org.za,not_journalism:academic
sajip.co.za,not_journalism:academic
sanews.gov.za,not_journalism:institution
sajems.org,not_journalism:academic
sajhrm.co.za,not_journalism:academic
sajie.journals.ac.za,not_journalism:academic
sajim.co.za,not_journalism:academic
sajlis.journals.ac.za,not_journalism:academic
sajp.co.za,not_journalism:academic
sahumanities.org,not_journalism:academic
sajhivmed.org.za,not_journalism:academic
sanbi.org,not_journalism:institution
td-sa.net,not_journalism:academic
thejournal.org.za,not_journalism:academic
sajs.co.za,not_journalism:academic
zigzag.co.za,not_journalism:magazine
ve.org.za,not_journalism:academic
